timestamp,nt_circular,tai_lam,period,slot
2025-01-31 23:00:00,3605,179,before,na
2025-02-01 00:00:00,25117,1143,before,na
2025-02-01 01:00:00,16025,731,before,na
2025-02-01 02:00:00,13324,535,before,na
2025-02-01 03:00:00,12472,598,before,na
2025-02-01 04:00:00,9240,415,before,na
2025-02-01 05:00:00,12363,531,before,na
2025-02-01 06:00:00,16787,755,before,na
2025-02-01 07:00:00,18364,845,before,na
2025-02-01 08:00:00,27867,1206,before,peak
2025-02-01 09:00:00,33064,1664,before,peak
2025-02-01 10:00:00,47493,2326,before,na
2025-02-01 11:00:00,38072,1817,before,na
2025-02-01 12:00:00,44289,2117,before,na
2025-02-01 13:00:00,57450,2589,before,na
2025-02-01 14:00:00,45960,1835,before,na
2025-02-01 15:00:00,43869,1791,before,na
2025-02-01 16:00:00,52058,2364,before,na
2025-02-01 17:00:00,53313,2379,before,na
2025-02-01 18:00:00,49120,2055,before,peak
2025-02-01 19:00:00,29955,1323,before,peak
2025-02-01 20:00:00,32410,1356,before,na
2025-02-01 21:00:00,45514,1966,before,na
2025-02-01 22:00:00,40789,1803,before,na
2025-02-01 23:00:00,39107,1750,before,na
2025-02-02 00:00:00,20531,890,before,na
2025-02-02 01:00:00,15620,687,before,na
2025-02-02 02:00:00,13158,549,before,na
2025-02-02 03:00:00,11817,510,before,na
2025-02-02 04:00:00,10372,371,before,na
2025-02-02 05:00:00,11497,375,before,na
2025-02-02 06:00:00,14169,592,before,na
2025-02-02 07:00:00,18207,750,before,na
2025-02-02 08:00:00,24431,1128,before,peak
2025-02-02 09:00:00,25527,1108,before,peak
2025-02-02 10:00:00,22686,1089,before,na
2025-02-02 11:00:00,39089,1794,before,na
2025-02-02 12:00:00,43342,2111,before,na
2025-02-02 13:00:00,28914,1297,before,na
2025-02-02 14:00:00,28450,1219,before,na
2025-02-02 15:00:00,41985,1722,before,na
2025-02-02 16:00:00,43085,1734,before,na
2025-02-02 17:00:00,42342,1887,before,na
2025-02-02 18:00:00,43357,1692,before,peak
2025-02-02 19:00:00,30103,1120,before,peak
2025-02-02 20:00:00,43406,1857,before,na
2025-02-02 21:00:00,57821,2418,before,na
2025-02-02 22:00:00,46354,2034,before,na
2025-02-02 23:00:00,35548,1500,before,na
2025-02-03 00:00:00,21182,953,before,na
2025-02-03 01:00:00,13434,573,before,na
2025-02-03 02:00:00,10222,448,before,na
2025-02-03 03:00:00,5837,236,before,na
2025-02-03 04:00:00,6665,255,before,na
2025-02-03 05:00:00,9931,366,before,na
2025-02-03 06:00:00,28231,877,before,na
2025-02-03 07:00:00,49008,2342,before,na
2025-02-03 08:00:00,55124,2176,before,peak
2025-02-03 09:00:00,58986,2922,before,peak
2025-02-03 10:00:00,69908,3145,before,na
2025-02-03 11:00:00,62225,2907,before,na
2025-02-03 12:00:00,47643,1973,before,na
2025-02-03 13:00:00,55464,2296,before,na
2025-02-03 14:00:00,60094,2359,before,na
2025-02-03 15:00:00,73387,3171,before,na
2025-02-03 16:00:00,65851,2442,before,na
2025-02-03 17:00:00,73017,2496,before,na
2025-02-03 18:00:00,66758,2451,before,peak
2025-02-03 19:00:00,52027,1551,before,peak
2025-02-03 20:00:00,29250,1172,before,na
2025-02-03 21:00:00,41372,1596,before,na
2025-02-03 22:00:00,47684,1904,before,na
2025-02-03 23:00:00,30988,1237,before,na
2025-02-04 00:00:00,19411,747,before,na
2025-02-04 01:00:00,14462,518,before,na
2025-02-04 02:00:00,9629,335,before,na
2025-02-04 03:00:00,8402,259,before,na
2025-02-04 04:00:00,9843,374,before,na
2025-02-04 05:00:00,11819,467,before,na
2025-02-04 06:00:00,25381,1045,before,na
2025-02-04 07:00:00,52623,2545,before,na
2025-02-04 08:00:00,64222,2972,before,peak
2025-02-04 09:00:00,88423,4244,before,peak
2025-02-04 10:00:00,70209,2767,before,na
2025-02-04 11:00:00,72429,3134,before,na
2025-02-04 12:00:00,80318,3416,before,na
2025-02-04 13:00:00,76920,3293,before,na
2025-02-04 14:00:00,79327,3480,before,na
2025-02-04 15:00:00,84631,3630,before,na
2025-02-04 16:00:00,76470,3435,before,na
2025-02-04 17:00:00,61059,2666,before,na
2025-02-04 18:00:00,67629,2401,before,peak
2025-02-04 19:00:00,42884,1392,before,peak
2025-02-04 20:00:00,34288,1147,before,na
2025-02-04 21:00:00,53051,1730,before,na
2025-02-04 22:00:00,46993,1390,before,na
2025-02-04 23:00:00,37763,1481,before,na
2025-02-05 00:00:00,25165,1013,before,na
2025-02-05 01:00:00,13673,553,before,na
2025-02-05 02:00:00,8347,327,before,na
2025-02-05 03:00:00,10392,396,before,na
2025-02-05 04:00:00,8642,369,before,na
2025-02-05 05:00:00,12425,473,before,na
2025-02-05 06:00:00,35946,1418,before,na
2025-02-05 07:00:00,80302,3232,before,na
2025-02-05 08:00:00,74971,3176,before,peak
2025-02-05 09:00:00,78460,3286,before,peak
2025-02-05 10:00:00,76356,3148,before,na
2025-02-05 11:00:00,87078,3642,before,na
2025-02-05 12:00:00,64746,2658,before,na
2025-02-05 13:00:00,73562,3080,before,na
2025-02-05 14:00:00,84962,3677,before,na
2025-02-05 15:00:00,68839,3038,before,na
2025-02-05 16:00:00,72936,3258,before,na
2025-02-05 17:00:00,90702,3705,before,na
2025-02-05 18:00:00,85731,3191,before,peak
2025-02-05 19:00:00,53058,2096,before,peak
2025-02-05 20:00:00,38491,1305,before,na
2025-02-05 21:00:00,40116,736,before,na
2025-02-05 22:00:00,43751,1109,before,na
2025-02-05 23:00:00,34944,893,before,na
2025-02-06 00:00:00,23137,841,before,na
2025-02-06 01:00:00,16180,644,before,na
2025-02-06 02:00:00,12601,508,before,na
2025-02-06 03:00:00,9688,408,before,na
2025-02-06 04:00:00,7772,326,before,na
2025-02-06 05:00:00,13935,484,before,na
2025-02-06 06:00:00,33000,1383,before,na
2025-02-06 07:00:00,60984,2513,before,na
2025-02-06 08:00:00,97886,4313,before,peak
2025-02-06 09:00:00,99427,4549,before,peak
2025-02-06 10:00:00,93105,4274,before,na
2025-02-06 11:00:00,86816,3814,before,na
2025-02-06 12:00:00,71619,3120,before,na
2025-02-06 13:00:00,67021,2968,before,na
2025-02-06 14:00:00,67866,2978,before,na
2025-02-06 15:00:00,70071,3015,before,na
2025-02-06 16:00:00,92689,4072,before,na
2025-02-06 17:00:00,92474,3923,before,na
2025-02-06 18:00:00,81892,3457,before,peak
2025-02-06 19:00:00,42153,1636,before,peak
2025-02-06 20:00:00,41356,1497,before,na
2025-02-06 21:00:00,46397,1378,before,na
2025-02-06 22:00:00,39105,1384,before,na
2025-02-06 23:00:00,24362,949,before,na
2025-02-07 00:00:00,26611,1074,before,na
2025-02-07 01:00:00,14144,529,before,na
2025-02-07 02:00:00,11728,468,before,na
2025-02-07 03:00:00,9156,342,before,na
2025-02-07 04:00:00,9311,372,before,na
2025-02-07 05:00:00,13730,534,before,na
2025-02-07 06:00:00,35898,1472,before,na
2025-02-07 07:00:00,82161,3849,before,na
2025-02-07 08:00:00,116480,5485,before,peak
2025-02-07 09:00:00,128630,5702,before,peak
2025-02-07 10:00:00,92230,3864,before,na
2025-02-07 11:00:00,95451,4038,before,na
2025-02-07 12:00:00,63730,2679,before,na
2025-02-07 13:00:00,83832,3552,before,na
2025-02-07 14:00:00,99794,4525,before,na
2025-02-07 15:00:00,86561,4022,before,na
2025-02-07 16:00:00,75812,3447,before,na
2025-02-07 17:00:00,98599,4144,before,na
2025-02-07 18:00:00,98973,3695,before,peak
2025-02-07 19:00:00,66300,2494,before,peak
2025-02-07 20:00:00,49767,1892,before,na
2025-02-07 21:00:00,43936,1629,before,na
2025-02-07 22:00:00,48667,2001,before,na
2025-02-07 23:00:00,37887,1345,before,na
2025-02-08 00:00:00,30108,1070,before,na
2025-02-08 01:00:00,14016,485,before,na
2025-02-08 02:00:00,10287,302,before,na
2025-02-08 03:00:00,13127,495,before,na
2025-02-08 04:00:00,9411,403,before,na
2025-02-08 05:00:00,10524,444,before,na
2025-02-08 06:00:00,28275,1229,before,na
2025-02-08 07:00:00,48288,2258,before,na
2025-02-08 08:00:00,68908,3405,before,peak
2025-02-08 09:00:00,101477,4594,before,peak
2025-02-08 10:00:00,98113,3924,before,na
2025-02-08 11:00:00,76400,3540,before,na
2025-02-08 12:00:00,86736,4015,before,na
2025-02-08 13:00:00,73055,3381,before,na
2025-02-08 14:00:00,84894,3915,before,na
2025-02-08 15:00:00,75678,3441,before,na
2025-02-08 16:00:00,56169,2541,before,na
2025-02-08 17:00:00,90748,4113,before,na
2025-02-08 18:00:00,99278,4218,before,peak
2025-02-08 19:00:00,57531,2260,before,peak
2025-02-08 20:00:00,40729,1647,before,na
2025-02-08 21:00:00,60334,2576,before,na
2025-02-08 22:00:00,55502,2273,before,na
2025-02-08 23:00:00,48807,1696,before,na
2025-02-09 00:00:00,31515,1125,before,na
2025-02-09 01:00:00,26721,972,before,na
2025-02-09 02:00:00,15556,557,before,na
2025-02-09 03:00:00,13742,386,before,na
2025-02-09 04:00:00,10075,331,before,na
2025-02-09 05:00:00,15864,461,before,na
2025-02-09 06:00:00,13341,514,before,na
2025-04-30 23:00:00,8575,316,before,na
2025-05-01 00:00:00,45765,1730,before,na
2025-05-01 01:00:00,39666,1535,before,na
2025-05-01 02:00:00,32730,1304,before,na
2025-05-01 03:00:00,23516,913,before,na
2025-05-01 04:00:00,23953,900,before,na
2025-05-01 05:00:00,24762,917,before,na
2025-05-01 06:00:00,35425,1317,before,na
2025-05-01 07:00:00,59740,2329,before,na
2025-05-01 08:00:00,63363,2597,before,peak
2025-05-01 09:00:00,70783,3015,before,peak
2025-05-01 10:00:00,92156,3745,before,na
2025-05-01 11:00:00,84628,3454,before,na
2025-05-01 12:00:00,80707,3277,before,na
2025-05-01 13:00:00,88512,3280,before,na
2025-05-01 14:00:00,110432,3198,before,na
2025-05-01 15:00:00,102061,2574,before,na
2025-05-01 16:00:00,92531,2862,before,na
2025-05-01 17:00:00,111813,4513,before,na
2025-05-01 18:00:00,99545,3972,before,peak
2025-05-01 19:00:00,84563,3076,before,peak
2025-05-01 20:00:00,76613,2749,before,na
2025-05-01 21:00:00,108288,3994,before,na
2025-05-01 22:00:00,82955,3060,before,na
2025-05-01 23:00:00,60245,2283,before,na
2025-05-02 00:00:00,29273,1085,before,na
2025-05-02 01:00:00,27001,1000,before,na
2025-05-02 02:00:00,18651,676,before,na
2025-05-02 03:00:00,14645,522,before,na
2025-05-02 04:00:00,15943,600,before,na
2025-05-02 05:00:00,26560,1056,before,na
2025-05-02 06:00:00,74198,3236,before,na
2025-05-02 07:00:00,112605,5572,before,na
2025-05-02 08:00:00,141329,6811,before,peak
2025-05-02 09:00:00,118861,5426,before,peak
2025-05-02 10:00:00,109919,4873,before,na
2025-05-02 11:00:00,90750,4081,before,na
2025-05-02 12:00:00,103563,4599,before,na
2025-05-02 13:00:00,97108,4255,before,na
2025-05-02 14:00:00,95462,3631,before,na
2025-05-02 15:00:00,91583,4073,before,na
2025-05-02 16:00:00,109870,4929,before,na
2025-05-02 17:00:00,110279,4853,before,na
2025-05-02 18:00:00,88848,3532,before,peak
2025-05-02 19:00:00,71710,2943,before,peak
2025-05-02 20:00:00,84580,3323,before,na
2025-05-02 21:00:00,80560,3106,before,na
2025-05-02 22:00:00,65066,2660,before,na
2025-05-02 23:00:00,55137,2184,before,na
2025-05-03 00:00:00,39269,1548,before,na
2025-05-03 01:00:00,23847,994,before,na
2025-05-03 02:00:00,17524,746,before,na
2025-05-03 03:00:00,18123,744,before,na
2025-05-03 04:00:00,16570,692,before,na
2025-05-03 05:00:00,27583,1145,before,na
2025-05-03 06:00:00,37034,1605,before,na
2025-05-03 07:00:00,60460,2928,before,na
2025-05-03 08:00:00,85148,3995,before,peak
2025-05-03 09:00:00,90627,4502,before,peak
2025-05-03 10:00:00,77161,3855,before,na
2025-05-03 11:00:00,96033,4602,before,na
2025-05-03 12:00:00,103511,4819,before,na
2025-05-03 13:00:00,84285,3787,before,na
2025-05-03 14:00:00,107782,4781,before,na
2025-05-03 15:00:00,100423,4476,before,na
2025-05-03 16:00:00,92414,4163,before,na
2025-05-03 17:00:00,78677,2922,before,na
2025-05-03 18:00:00,106037,3695,before,peak
2025-05-03 19:00:00,93412,2898,before,peak
2025-05-03 20:00:00,61477,2422,before,na
2025-05-03 21:00:00,82460,3216,before,na
2025-05-03 22:00:00,70479,2716,before,na
2025-05-03 23:00:00,52908,2092,before,na
2025-05-04 00:00:00,38878,1547,before,na
2025-05-04 01:00:00,25852,1102,before,na
2025-05-04 02:00:00,18022,646,before,na
2025-05-04 03:00:00,16906,674,before,na
2025-05-04 04:00:00,14471,548,before,na
2025-05-04 05:00:00,20588,854,before,na
2025-05-04 06:00:00,22756,882,before,na
2025-05-04 07:00:00,28470,1247,before,na
2025-05-04 08:00:00,44667,1887,before,peak
2025-05-04 09:00:00,64622,2885,before,peak
2025-05-04 10:00:00,86319,3769,before,na
2025-05-04 11:00:00,79186,3497,before,na
2025-05-04 12:00:00,66223,2851,before,na
2025-05-04 13:00:00,70653,3140,before,na
2025-05-04 14:00:00,87482,3815,before,na
2025-05-04 15:00:00,91939,4055,before,na
2025-05-04 16:00:00,84578,3653,before,na
2025-05-04 17:00:00,58677,2594,before,na
2025-05-04 18:00:00,70324,3086,before,peak
2025-05-04 19:00:00,62721,2412,before,peak
2025-05-04 20:00:00,49802,2030,before,na
2025-05-04 21:00:00,69533,2702,before,na
2025-05-04 22:00:00,74097,2898,before,na
2025-05-04 23:00:00,40532,1571,before,na
2025-05-05 00:00:00,28373,1076,before,na
2025-05-05 01:00:00,22772,850,before,na
2025-05-05 02:00:00,15493,570,before,na
2025-05-05 03:00:00,12988,528,before,na
2025-05-05 04:00:00,11984,473,before,na
2025-05-05 05:00:00,19751,799,before,na
2025-05-05 06:00:00,25660,1129,before,na
2025-05-05 07:00:00,36745,1609,before,na
2025-05-05 08:00:00,35726,1600,before,peak
2025-05-05 09:00:00,58262,2569,before,peak
2025-05-05 10:00:00,75257,3100,before,na
2025-05-05 11:00:00,76261,3352,before,na
2025-05-05 12:00:00,63124,2413,before,na
2025-05-05 13:00:00,86533,3597,before,na
2025-05-05 14:00:00,100067,4274,before,na
2025-05-05 15:00:00,85234,3518,before,na
2025-05-05 16:00:00,82876,3458,before,na
2025-05-05 17:00:00,78372,3141,before,na
2025-05-05 18:00:00,87864,3573,before,peak
2025-05-05 19:00:00,72344,2831,before,peak
2025-05-05 20:00:00,84788,3322,before,na
2025-05-05 21:00:00,59518,2334,before,na
2025-05-05 22:00:00,55410,2147,before,na
2025-05-05 23:00:00,44609,1809,before,na
2025-05-06 00:00:00,22555,885,before,na
2025-05-06 01:00:00,17754,723,before,na
2025-05-06 02:00:00,13972,519,before,na
2025-05-06 03:00:00,12027,468,before,na
2025-05-06 04:00:00,11011,393,before,na
2025-05-06 05:00:00,27451,1167,before,na
2025-05-06 06:00:00,43964,2115,before,na
2025-05-06 07:00:00,109760,5604,before,na
2025-05-06 08:00:00,121309,6311,before,peak
2025-05-06 09:00:00,105930,5429,before,peak
2025-05-06 10:00:00,102033,5163,before,na
2025-05-06 11:00:00,84959,4272,before,na
2025-05-06 12:00:00,97841,4633,before,na
2025-05-06 13:00:00,95760,4454,before,na
2025-05-06 14:00:00,105269,4909,before,na
2025-05-06 15:00:00,94780,4496,before,na
2025-05-06 16:00:00,106564,5005,before,na
2025-05-06 17:00:00,114156,5269,before,na
2025-05-06 18:00:00,110562,5346,before,peak
2025-05-06 19:00:00,89355,3701,before,peak
2025-05-06 20:00:00,68849,2866,before,na
2025-05-06 21:00:00,58595,2345,before,na
2025-05-06 22:00:00,56780,2261,before,na
2025-05-06 23:00:00,41105,1622,before,na
2025-05-07 00:00:00,26953,1042,before,na
2025-05-07 01:00:00,17767,722,before,na
2025-05-07 02:00:00,15122,612,before,na
2025-05-07 03:00:00,13601,599,before,na
2025-05-07 04:00:00,14933,532,before,na
2025-05-07 05:00:00,22930,983,before,na
2025-05-07 06:00:00,47999,1913,before,na
2025-05-07 07:00:00,89059,3957,before,na
2025-05-07 08:00:00,90104,4231,before,peak
2025-05-07 09:00:00,83635,3979,before,peak
2025-05-07 10:00:00,89193,4431,before,na
2025-05-07 11:00:00,81291,3553,before,na
2025-05-07 12:00:00,81152,3334,before,na
2025-05-07 13:00:00,79395,3749,before,na
2025-05-07 14:00:00,88065,4053,before,na
2025-05-07 15:00:00,89157,4052,before,na
2025-05-07 16:00:00,121276,5589,before,na
2025-05-07 17:00:00,106001,4825,before,na
2025-05-07 18:00:00,114808,5663,before,peak
2025-05-07 19:00:00,111086,4413,before,peak
2025-05-07 20:00:00,96046,3695,before,na
2025-05-07 21:00:00,65704,2520,before,na
2025-05-07 22:00:00,65610,2628,before,na
2025-05-07 23:00:00,49315,1875,before,na
2025-05-08 00:00:00,31947,1302,before,na
2025-05-08 01:00:00,18006,694,before,na
2025-05-08 02:00:00,16553,634,before,na
2025-05-08 03:00:00,13111,517,before,na
2025-05-08 04:00:00,15816,582,before,na
2025-05-08 05:00:00,18134,745,before,na
2025-05-08 06:00:00,67350,3018,before,na
2025-05-08 07:00:00,112072,5441,before,na
2025-05-08 08:00:00,150342,6818,before,peak
2025-05-08 09:00:00,101729,4916,before,peak
2025-05-08 10:00:00,104799,4906,before,na
2025-05-08 11:00:00,116529,5523,before,na
2025-05-08 12:00:00,84637,3966,before,na
2025-05-08 13:00:00,71967,3563,before,na
2025-05-08 14:00:00,113833,5696,before,na
2025-05-08 15:00:00,111948,5255,before,na
2025-05-08 16:00:00,102877,4590,before,na
2025-05-08 17:00:00,131000,5977,before,na
2025-05-08 18:00:00,114752,5197,before,peak
2025-05-08 19:00:00,87825,3652,before,peak
2025-05-08 20:00:00,69739,2758,before,na
2025-05-08 21:00:00,69742,2671,before,na
2025-05-08 22:00:00,71730,2891,before,na
2025-05-08 23:00:00,45304,1825,before,na
2025-05-09 00:00:00,30083,1256,before,na
2025-05-09 01:00:00,17988,747,before,na
2025-05-09 02:00:00,15032,584,before,na
2025-05-09 03:00:00,11514,478,before,na
2025-05-09 04:00:00,12667,533,before,na
2025-05-09 05:00:00,19082,822,before,na
2025-05-09 06:00:00,69167,3289,before,na
2025-05-09 07:00:00,134523,7097,before,na
2025-05-09 08:00:00,125107,6588,before,peak
2025-05-09 09:00:00,89005,4645,before,peak
2025-05-09 10:00:00,115832,5787,before,na
2025-05-09 11:00:00,81752,3827,before,na
2025-05-09 12:00:00,99119,4673,before,na
2025-05-09 13:00:00,91273,4349,before,na
2025-05-09 14:00:00,97750,4566,before,na
2025-05-09 15:00:00,108786,5147,before,na
2025-05-09 16:00:00,104193,4680,before,na
2025-05-09 17:00:00,109818,5366,before,na
2025-05-09 18:00:00,105287,4812,before,peak
2025-05-09 19:00:00,81890,3361,before,peak
2025-05-09 20:00:00,60162,2295,before,na
2025-05-09 21:00:00,70901,2774,before,na
2025-05-09 22:00:00,75847,3045,before,na
2025-05-09 23:00:00,57538,2239,before,na
2025-05-10 00:00:00,40751,1630,before,na
2025-05-10 01:00:00,25611,1039,before,na
2025-05-10 02:00:00,21389,920,before,na
2025-05-10 03:00:00,16834,700,before,na
2025-05-10 04:00:00,14384,569,before,na
2025-05-10 05:00:00,21999,902,before,na
2025-05-10 06:00:00,47733,2176,before,na
2025-05-10 07:00:00,82036,3917,before,na
2025-05-10 08:00:00,101031,4849,before,peak
2025-05-10 09:00:00,90262,4390,before,peak
2025-05-10 10:00:00,75177,3361,before,na
2025-05-10 11:00:00,97200,4518,before,na
2025-05-10 12:00:00,93186,4282,before,na
2025-05-10 13:00:00,90630,3619,before,na
2025-05-10 14:00:00,109961,5068,before,na
2025-05-10 15:00:00,92740,4106,before,na
2025-05-10 16:00:00,90822,3729,before,na
2025-05-10 17:00:00,97835,4319,before,na
2025-05-10 18:00:00,113439,4956,before,peak
2025-05-10 19:00:00,75597,3019,before,peak
2025-05-10 20:00:00,69549,2719,before,na
2025-05-10 21:00:00,72208,2981,before,na
2025-05-10 22:00:00,73929,3034,before,na
2025-05-10 23:00:00,64433,2610,before,na
2025-05-11 00:00:00,39261,1543,before,na
2025-05-11 01:00:00,22364,907,before,na
2025-05-11 02:00:00,18937,830,before,na
2025-05-11 03:00:00,13732,582,before,na
2025-05-11 04:00:00,14445,626,before,na
2025-05-11 05:00:00,20510,875,before,na
2025-05-11 06:00:00,31889,1472,before,na
2025-05-11 07:00:00,37760,1630,before,na
2025-05-11 08:00:00,43841,2052,before,peak
2025-05-11 09:00:00,57059,2523,before,peak
2025-05-11 10:00:00,55457,2483,before,na
2025-05-11 11:00:00,71104,3224,before,na
2025-05-11 12:00:00,56362,2474,before,na
2025-05-11 13:00:00,93386,4108,before,na
2025-05-11 14:00:00,92640,4128,before,na
2025-05-11 15:00:00,77219,3534,before,na
2025-05-11 16:00:00,104806,4576,before,na
2025-05-11 17:00:00,103397,4585,before,na
2025-05-11 18:00:00,82574,3164,before,peak
2025-05-11 19:00:00,78025,3185,before,peak
2025-05-11 20:00:00,66385,2815,before,na
2025-05-11 21:00:00,81253,3327,before,na
2025-05-11 22:00:00,68599,2752,before,na
2025-05-11 23:00:00,48738,1960,before,na
2025-05-12 00:00:00,23907,990,before,na
2025-05-12 01:00:00,16292,652,before,na
2025-05-12 02:00:00,11741,459,before,na
2025-05-12 03:00:00,9173,415,before,na
2025-05-12 04:00:00,10749,434,before,na
2025-05-12 05:00:00,22286,920,before,na
2025-05-12 06:00:00,55991,2757,before,na
2025-05-12 07:00:00,101053,5458,before,na
2025-05-12 08:00:00,113293,6124,before,peak
2025-05-12 09:00:00,119744,6096,before,peak
2025-05-12 10:00:00,98910,4806,before,na
2025-05-12 11:00:00,95112,4008,before,na
2025-05-12 12:00:00,100373,4329,before,na
2025-05-12 13:00:00,87852,4095,before,na
2025-05-12 14:00:00,109096,4958,before,na
2025-05-12 15:00:00,115448,5183,before,na
2025-05-12 16:00:00,100588,4705,before,na
2025-05-12 17:00:00,112719,5120,before,na
2025-05-12 18:00:00,108699,4649,before,peak
2025-05-12 19:00:00,101316,4176,before,peak
2025-05-12 20:00:00,79191,3194,before,na
2025-05-12 21:00:00,62960,2565,before,na
2025-05-12 22:00:00,65538,2665,before,na
2025-05-12 23:00:00,44190,1770,before,na
2025-05-13 00:00:00,33098,1358,before,na
2025-05-13 01:00:00,17875,675,before,na
2025-05-13 02:00:00,14414,567,before,na
2025-05-13 03:00:00,13462,526,before,na
2025-05-13 04:00:00,13471,502,before,na
2025-05-13 05:00:00,23053,998,before,na
2025-05-13 06:00:00,63987,3031,before,na
2025-05-13 07:00:00,106684,5699,before,na
2025-05-13 08:00:00,127359,6196,before,peak
2025-05-13 09:00:00,126687,6323,before,peak
2025-05-13 10:00:00,107572,5072,before,na
2025-05-13 11:00:00,100520,4619,before,na
2025-05-13 12:00:00,114500,4983,before,na
2025-05-13 13:00:00,102731,4588,before,na
2025-05-13 14:00:00,117395,5257,before,na
2025-05-13 15:00:00,116455,5228,before,na
2025-05-13 16:00:00,144785,6526,before,na
2025-05-13 17:00:00,154564,6995,before,na
2025-05-13 18:00:00,126354,5344,before,peak
2025-05-13 19:00:00,117281,4629,before,peak
2025-05-13 20:00:00,94688,3618,before,na
2025-05-13 21:00:00,86315,3256,before,na
2025-05-13 22:00:00,79196,3094,before,na
2025-05-13 23:00:00,59934,2372,before,na
2025-05-14 00:00:00,40795,1603,before,na
2025-05-14 01:00:00,27401,1085,before,na
2025-05-14 02:00:00,19137,719,before,na
2025-05-14 03:00:00,15594,610,before,na
2025-05-14 04:00:00,18364,720,before,na
2025-05-14 05:00:00,26678,1096,before,na
2025-05-14 06:00:00,61699,2817,before,na
2025-05-14 07:00:00,160131,8181,before,na
2025-05-14 08:00:00,123406,6226,before,peak
2025-05-14 09:00:00,131851,6236,before,peak
2025-05-14 10:00:00,134845,6231,before,na
2025-05-14 11:00:00,132683,5920,before,na
2025-05-14 12:00:00,110361,4886,before,na
2025-05-14 13:00:00,126082,5698,before,na
2025-05-14 14:00:00,110085,4979,before,na
2025-05-14 15:00:00,128923,5862,before,na
2025-05-14 16:00:00,118102,5392,before,na
2025-05-14 17:00:00,136693,6540,before,na
2025-05-14 18:00:00,136008,6193,before,peak
2025-05-14 19:00:00,116522,4716,before,peak
2025-05-14 20:00:00,86813,3188,before,na
2025-05-14 21:00:00,94015,3631,before,na
2025-05-14 22:00:00,63714,2512,before,na
2025-05-14 23:00:00,60700,2328,before,na
2025-05-15 00:00:00,41181,1663,before,na
2025-05-15 01:00:00,26024,1006,before,na
2025-05-15 02:00:00,19740,787,before,na
2025-05-15 03:00:00,14116,545,before,na
2025-05-15 04:00:00,14150,527,before,na
2025-05-15 05:00:00,21972,891,before,na
2025-05-15 06:00:00,56052,2621,before,na
2025-05-15 07:00:00,131560,6683,before,na
2025-05-15 08:00:00,110116,5725,before,peak
2025-05-15 09:00:00,139260,6859,before,peak
2025-05-15 10:00:00,96201,4472,before,na
2025-05-15 11:00:00,106919,4925,before,na
2025-05-15 12:00:00,119539,5224,before,na
2025-05-15 13:00:00,124962,5834,before,na
2025-05-15 14:00:00,126075,5672,before,na
2025-05-15 15:00:00,130892,5934,before,na
2025-05-15 16:00:00,103548,4676,before,na
2025-05-15 17:00:00,112505,5095,before,na
2025-05-15 18:00:00,141222,6134,before,peak
2025-05-15 19:00:00,135432,5510,before,peak
2025-05-15 20:00:00,81592,3092,before,na
2025-05-15 21:00:00,70751,2652,before,na
2025-05-15 22:00:00,82935,3204,before,na
2025-05-15 23:00:00,49395,1925,before,na
2025-05-16 00:00:00,30211,1214,before,na
2025-05-16 01:00:00,5709,265,before,na
2025-05-16 02:00:00,3940,169,before,na
2025-05-16 03:00:00,3585,121,before,na
2025-05-16 04:00:00,3751,132,before,na
2025-05-16 05:00:00,4463,137,before,na
2025-05-16 06:00:00,8277,413,before,na
2025-05-16 07:00:00,21204,1805,before,na
2025-05-16 08:00:00,22590,2054,before,peak
2025-05-16 09:00:00,22316,1735,before,peak
2025-05-16 10:00:00,63146,3130,before,na
2025-05-16 11:00:00,105795,4862,before,na
2025-05-16 12:00:00,87965,3935,before,na
2025-05-16 13:00:00,93379,4103,before,na
2025-05-16 14:00:00,124136,5537,before,na
2025-05-16 15:00:00,111218,4993,before,na
2025-05-16 16:00:00,124452,5395,before,na
2025-05-16 17:00:00,143049,6499,before,na
2025-05-16 18:00:00,144989,6349,before,peak
2025-05-16 19:00:00,126565,5110,before,peak
2025-05-16 20:00:00,98250,3808,before,na
2025-05-16 21:00:00,99845,3842,before,na
2025-05-16 22:00:00,102425,3980,before,na
2025-05-16 23:00:00,69456,2807,before,na
2025-05-17 00:00:00,45672,1761,before,na
2025-05-17 01:00:00,30112,1233,before,na
2025-05-17 02:00:00,28782,1159,before,na
2025-05-17 03:00:00,19892,819,before,na
2025-05-17 04:00:00,19732,750,before,na
2025-05-17 05:00:00,28086,1193,before,na
2025-05-17 06:00:00,56391,2514,before,na
2025-05-17 07:00:00,88089,4121,before,na
2025-05-17 08:00:00,109753,4965,before,peak
2025-05-17 09:00:00,111697,5602,before,peak
2025-05-17 10:00:00,114280,3879,before,na
2025-05-17 11:00:00,123942,3821,before,na
2025-05-17 12:00:00,125679,3627,before,na
2025-05-17 13:00:00,121720,3491,before,na
2025-05-17 14:00:00,130241,3896,before,na
2025-05-17 15:00:00,125396,3579,before,na
2025-05-17 16:00:00,115631,3252,before,na
2025-05-17 17:00:00,149739,4012,before,na
2025-05-17 18:00:00,110409,2814,before,peak
2025-05-17 19:00:00,86827,1869,before,peak
2025-05-17 20:00:00,84789,1755,before,na
2025-05-17 21:00:00,94859,1898,before,na
2025-05-17 22:00:00,76234,1524,before,na
2025-05-17 23:00:00,66610,1275,before,na
2025-05-18 00:00:00,51399,1038,before,na
2025-05-18 01:00:00,33364,593,before,na
2025-05-18 02:00:00,25706,496,before,na
2025-05-18 03:00:00,21358,469,before,na
2025-05-18 04:00:00,19019,401,before,na
2025-05-18 05:00:00,22743,578,before,na
2025-05-18 06:00:00,33920,984,before,na
2025-05-18 07:00:00,48149,1509,before,na
2025-05-18 08:00:00,61520,1909,before,peak
2025-05-18 09:00:00,69638,2140,before,peak
2025-05-18 10:00:00,85600,2520,before,na
2025-05-18 11:00:00,74587,2180,before,na
2025-05-18 12:00:00,77898,2170,before,na
2025-05-18 13:00:00,93329,2531,before,na
2025-05-18 14:00:00,84348,2377,before,na
2025-05-18 15:00:00,96152,2519,before,na
2025-05-18 16:00:00,93319,2093,before,na
2025-05-18 17:00:00,90217,2263,before,na
2025-05-18 18:00:00,87039,1951,before,peak
2025-05-18 19:00:00,72899,1471,before,peak
2025-05-18 20:00:00,79709,1589,before,na
2025-05-18 21:00:00,101953,2034,before,na
2025-05-18 22:00:00,75808,1462,before,na
2025-05-18 23:00:00,52758,1033,before,na
2025-05-19 00:00:00,31375,572,before,na
2025-05-19 01:00:00,20039,376,before,na
2025-05-19 02:00:00,14181,267,before,na
2025-05-19 03:00:00,13088,281,before,na
2025-05-19 04:00:00,14827,332,before,na
2025-05-19 05:00:00,21929,668,before,na
2025-05-19 06:00:00,72893,2768,before,na
2025-05-19 07:00:00,145267,5626,before,na
2025-05-19 08:00:00,132437,4999,before,peak
2025-05-19 09:00:00,113165,4120,before,peak
2025-05-19 10:00:00,125335,4334,before,na
2025-05-19 11:00:00,120252,3990,before,na
2025-05-19 12:00:00,106864,4610,before,na
2025-05-19 13:00:00,111889,5099,before,na
2025-05-19 14:00:00,103936,4628,before,na
2025-05-19 15:00:00,116765,5190,before,na
2025-05-19 16:00:00,128777,5707,before,na
2025-05-19 17:00:00,142333,5916,before,na
2025-05-19 18:00:00,150476,6624,before,peak
2025-05-19 19:00:00,101332,4036,before,peak
2025-05-19 20:00:00,82475,3077,before,na
2025-05-19 21:00:00,96232,3723,before,na
2025-05-19 22:00:00,82936,3176,before,na
2025-05-19 23:00:00,52726,2006,before,na
2025-05-20 00:00:00,32014,1259,before,na
2025-05-20 01:00:00,23742,931,before,na
2025-05-20 02:00:00,20183,810,before,na
2025-05-20 03:00:00,15614,592,before,na
2025-05-20 04:00:00,18552,724,before,na
2025-05-20 05:00:00,23868,1002,before,na
2025-05-20 06:00:00,55531,2394,before,na
2025-05-20 07:00:00,139032,7207,before,na
2025-05-20 08:00:00,148494,7032,before,peak
2025-05-20 09:00:00,115256,5696,before,peak
2025-05-20 10:00:00,110747,4886,before,na
2025-05-20 11:00:00,100846,4529,before,na
2025-05-20 12:00:00,116113,5176,before,na
2025-05-20 13:00:00,98692,4377,before,na
2025-05-20 14:00:00,113421,5061,before,na
2025-05-20 15:00:00,116617,5276,before,na
2025-05-20 16:00:00,129245,5712,before,na
2025-05-20 17:00:00,137630,6300,before,na
2025-05-20 18:00:00,150882,6621,before,peak
2025-05-20 19:00:00,104333,4133,before,peak
2025-05-20 20:00:00,84336,3152,before,na
2025-05-20 21:00:00,83327,3184,before,na
2025-05-20 22:00:00,81187,3148,before,na
2025-05-20 23:00:00,60068,2232,before,na
2025-05-21 00:00:00,32386,1309,before,na
2025-05-21 01:00:00,23294,956,before,na
2025-05-21 02:00:00,22695,866,before,na
2025-05-21 03:00:00,17019,659,before,na
2025-05-21 04:00:00,16322,650,before,na
2025-05-21 05:00:00,27124,1104,before,na
2025-05-21 06:00:00,66495,3037,before,na
2025-05-21 07:00:00,125958,6267,before,na
2025-05-21 08:00:00,139090,6899,before,peak
2025-05-21 09:00:00,138884,6647,before,peak
2025-05-21 10:00:00,121988,5791,before,na
2025-05-21 11:00:00,93540,4364,before,na
2025-05-21 12:00:00,103777,4711,before,na
2025-05-21 13:00:00,107630,5024,before,na
2025-05-21 14:00:00,102168,4812,before,na
2025-05-21 15:00:00,123586,5854,before,na
2025-05-21 16:00:00,126285,5871,before,na
2025-05-21 17:00:00,132678,6278,before,na
2025-05-21 18:00:00,142174,6416,before,peak
2025-05-21 19:00:00,119249,4756,before,peak
2025-05-21 20:00:00,93911,3664,before,na
2025-05-21 21:00:00,91944,3583,before,na
2025-05-21 22:00:00,82332,3282,before,na
2025-05-21 23:00:00,52939,2053,before,na
2025-05-22 00:00:00,36753,1444,before,na
2025-05-22 01:00:00,21811,819,before,na
2025-05-22 02:00:00,18667,752,before,na
2025-05-22 03:00:00,15334,601,before,na
2025-05-22 04:00:00,16116,660,before,na
2025-05-22 05:00:00,22839,946,before,na
2025-05-22 06:00:00,65290,3103,before,na
2025-05-22 07:00:00,149597,8014,before,na
2025-05-22 08:00:00,143894,7737,before,peak
2025-05-22 09:00:00,81165,4301,before,peak
2025-05-22 10:00:00,92626,4567,before,na
2025-05-22 11:00:00,104097,4788,before,na
2025-05-22 12:00:00,101766,4700,before,na
2025-05-22 13:00:00,96472,4634,before,na
2025-05-22 14:00:00,92611,4486,before,na
2025-05-22 15:00:00,87604,4098,before,na
2025-05-22 16:00:00,118803,5389,before,na
2025-05-22 17:00:00,143562,6262,before,na
2025-05-22 18:00:00,133012,5760,before,peak
2025-05-22 19:00:00,109253,4349,before,peak
2025-05-22 20:00:00,92244,3609,before,na
2025-05-22 21:00:00,88246,3294,before,na
2025-05-22 22:00:00,72821,2762,before,na
2025-05-22 23:00:00,51686,1948,before,na
2025-05-23 00:00:00,32556,1251,before,na
2025-05-23 01:00:00,29202,1115,before,na
2025-05-23 02:00:00,20043,813,before,na
2025-05-23 03:00:00,18919,745,before,na
2025-05-23 04:00:00,18572,690,before,na
2025-05-23 05:00:00,21107,851,before,na
2025-05-23 06:00:00,62549,2792,before,na
2025-05-23 07:00:00,144091,7137,before,na
2025-05-23 08:00:00,160775,7109,before,peak
2025-05-23 09:00:00,136399,6618,before,peak
2025-05-23 10:00:00,124820,5684,before,na
2025-05-23 11:00:00,110670,4957,before,na
2025-05-23 12:00:00,123232,5563,before,na
2025-05-23 13:00:00,102905,4639,before,na
2025-05-23 14:00:00,124931,5490,before,na
2025-05-23 15:00:00,112706,4740,before,na
2025-05-23 16:00:00,107113,3750,before,na
2025-05-23 17:00:00,145213,6251,before,na
2025-05-23 18:00:00,143803,5998,before,peak
2025-05-23 19:00:00,109698,4338,before,peak
2025-05-23 20:00:00,122100,4550,before,na
2025-05-23 21:00:00,108311,3961,before,na
2025-05-23 22:00:00,84561,3291,before,na
2025-05-23 23:00:00,75762,2990,before,na
2025-05-24 00:00:00,48084,1916,before,na
2025-05-24 01:00:00,31217,1282,before,na
2025-05-24 02:00:00,28340,1189,before,na
2025-05-24 03:00:00,18791,771,before,na
2025-05-24 04:00:00,23183,908,before,na
2025-05-24 05:00:00,26988,1063,before,na
2025-05-24 06:00:00,47640,2033,before,na
2025-05-24 07:00:00,107208,4769,before,na
2025-05-24 08:00:00,128970,5698,before,peak
2025-05-24 09:00:00,133144,6037,before,peak
2025-05-24 10:00:00,105648,4829,before,na
2025-05-24 11:00:00,124222,5518,before,na
2025-05-24 12:00:00,113664,4802,before,na
2025-05-24 13:00:00,132149,5595,before,na
2025-05-24 14:00:00,119702,5213,before,na
2025-05-24 15:00:00,119324,4943,before,na
2025-05-24 16:00:00,139123,5735,before,na
2025-05-24 17:00:00,144778,5996,before,na
2025-05-24 18:00:00,96776,3938,before,peak
2025-05-24 19:00:00,98604,3738,before,peak
2025-05-24 20:00:00,99466,3615,before,na
2025-05-24 21:00:00,104145,3727,before,na
2025-05-24 22:00:00,99063,3727,before,na
2025-05-24 23:00:00,64044,2399,before,na
2025-05-25 00:00:00,46546,1730,before,na
2025-05-25 01:00:00,38159,1415,before,na
2025-05-25 02:00:00,29689,1150,before,na
2025-05-25 03:00:00,21445,853,before,na
2025-05-25 04:00:00,19725,746,before,na
2025-05-25 05:00:00,20862,791,before,na
2025-05-25 06:00:00,32058,1288,before,na
2025-05-25 07:00:00,56916,2381,before,na
2025-05-25 08:00:00,62461,2519,before,peak
2025-05-25 09:00:00,76226,3162,before,peak
2025-05-25 10:00:00,68263,2766,before,na
2025-05-25 11:00:00,94769,4017,before,na
2025-05-25 12:00:00,91203,3597,before,na
2025-05-25 13:00:00,90650,3670,before,na
2025-05-25 14:00:00,117975,4692,before,na
2025-05-25 15:00:00,101734,4025,before,na
2025-05-25 16:00:00,105844,4086,before,na
2025-05-25 17:00:00,125562,4889,before,na
2025-05-25 18:00:00,110650,4273,before,peak
2025-05-25 19:00:00,88855,3308,before,peak
2025-05-25 20:00:00,95579,3522,before,na
2025-05-25 21:00:00,109218,3996,before,na
2025-05-25 22:00:00,79714,3014,before,na
2025-05-25 23:00:00,62671,2256,before,na
2025-05-26 00:00:00,31435,1188,before,na
2025-05-26 01:00:00,22927,806,before,na
2025-05-26 02:00:00,16233,621,before,na
2025-05-26 03:00:00,14028,523,before,na
2025-05-26 04:00:00,17379,610,before,na
2025-05-26 05:00:00,24361,1017,before,na
2025-05-26 06:00:00,61937,2803,before,na
2025-05-26 07:00:00,139106,6531,before,na
2025-05-26 08:00:00,152336,7283,before,peak
2025-05-26 09:00:00,129564,6007,before,peak
2025-05-26 10:00:00,110629,5086,before,na
2025-05-26 11:00:00,119742,5327,before,na
2025-05-26 12:00:00,112275,4859,before,na
2025-05-26 13:00:00,125931,5501,before,na
2025-05-26 14:00:00,107134,4605,before,na
2025-05-26 15:00:00,135469,5675,before,na
2025-05-26 16:00:00,129963,5647,before,na
2025-05-26 17:00:00,139280,5769,before,na
2025-05-26 18:00:00,124831,5175,before,peak
2025-05-26 19:00:00,132070,4920,before,peak
2025-05-26 20:00:00,98194,3555,before,na
2025-05-26 21:00:00,90138,3379,before,na
2025-05-26 22:00:00,76355,2850,before,na
2025-05-26 23:00:00,65328,2538,before,na
2025-05-27 00:00:00,34975,1324,before,na
2025-05-27 01:00:00,22350,828,before,na
2025-05-27 02:00:00,23923,896,before,na
2025-05-27 03:00:00,16129,607,before,na
2025-05-27 04:00:00,19116,729,before,na
2025-05-27 05:00:00,26129,1032,before,na
2025-05-27 06:00:00,56865,2583,before,na
2025-05-27 07:00:00,122912,6502,before,na
2025-05-27 08:00:00,115867,6519,before,peak
2025-05-27 09:00:00,88445,5074,before,peak
2025-05-27 10:00:00,95966,5695,before,na
2025-05-27 11:00:00,79295,4402,before,na
2025-05-27 12:00:00,88723,4792,before,na
2025-05-27 13:00:00,75627,4218,before,na
2025-05-27 14:00:00,79305,4471,before,na
2025-05-27 15:00:00,103695,5785,before,na
2025-05-27 16:00:00,88966,4964,before,na
2025-05-27 17:00:00,87201,5201,before,na
2025-05-27 18:00:00,99360,5187,before,peak
2025-05-27 19:00:00,112607,4946,before,peak
2025-05-27 20:00:00,101124,4033,before,na
2025-05-27 21:00:00,79711,3497,before,na
2025-05-27 22:00:00,68047,3027,before,na
2025-05-27 23:00:00,43752,1922,before,na
2025-05-28 00:00:00,37397,1535,before,na
2025-05-28 01:00:00,27435,1140,before,na
2025-05-28 02:00:00,19460,757,before,na
2025-05-28 03:00:00,15059,586,before,na
2025-05-28 04:00:00,20326,718,before,na
2025-05-28 05:00:00,26086,1057,before,na
2025-05-28 06:00:00,64524,2905,before,na
2025-05-28 07:00:00,119228,5785,before,na
2025-05-28 08:00:00,146478,7127,before,peak
2025-05-28 09:00:00,125746,5992,before,peak
2025-05-28 10:00:00,103024,4696,before,na
2025-05-28 11:00:00,108171,5060,before,na
2025-05-28 12:00:00,91878,4262,before,na
2025-05-28 13:00:00,106622,4802,before,na
2025-05-28 14:00:00,96732,4304,before,na
2025-05-28 15:00:00,116668,5065,before,na
2025-05-28 16:00:00,94844,4215,before,na
2025-05-28 17:00:00,87303,3810,before,na
2025-05-28 18:00:00,97200,4124,before,peak
2025-05-28 19:00:00,85390,3438,before,peak
2025-05-28 20:00:00,79702,3100,before,na
2025-05-28 21:00:00,55664,2177,before,na
2025-05-28 22:00:00,68779,2799,before,na
2025-05-28 23:00:00,55678,2256,before,na
2025-05-29 00:00:00,37382,1603,before,na
2025-05-29 01:00:00,27787,1163,before,na
2025-05-29 02:00:00,19209,760,before,na
2025-05-29 03:00:00,16480,646,before,na
2025-05-29 04:00:00,15637,643,before,na
2025-05-29 05:00:00,24274,1066,before,na
2025-05-29 06:00:00,49766,2290,before,na
2025-05-29 07:00:00,104854,5255,before,na
2025-05-29 08:00:00,126965,6379,before,peak
2025-05-29 09:00:00,94418,4776,before,peak
2025-05-29 10:00:00,103692,4651,before,na
2025-05-29 11:00:00,98346,4800,before,na
2025-05-29 12:00:00,80895,3929,before,na
2025-05-29 13:00:00,91735,4358,before,na
2025-05-29 14:00:00,93980,4704,before,na
2025-05-29 15:00:00,98454,4654,before,na
2025-05-29 16:00:00,96734,4443,before,na
2025-05-29 17:00:00,112594,4737,before,na
2025-05-29 18:00:00,127904,6189,before,peak
2025-05-29 19:00:00,107981,4516,before,peak
2025-05-29 20:00:00,87528,3472,before,na
2025-05-29 21:00:00,88883,3647,before,na
2025-05-29 22:00:00,83760,3416,before,na
2025-05-29 23:00:00,56922,2528,before,na
2025-05-30 00:00:00,39188,1619,before,na
2025-05-30 01:00:00,25079,1032,before,na
2025-05-30 02:00:00,20626,868,before,na
2025-05-30 03:00:00,15616,685,before,na
2025-05-30 04:00:00,16362,689,before,na
2025-05-30 05:00:00,26053,1076,before,na
2025-05-30 06:00:00,60191,2834,before,na
2025-05-30 07:00:00,134863,6737,before,na
2025-05-30 08:00:00,131958,6855,before,peak
2025-05-30 09:00:00,97088,4780,before,peak
2025-05-30 10:00:00,91473,4183,before,na
2025-05-30 11:00:00,102165,4564,before,na
2025-05-30 12:00:00,78913,3513,before,na
2025-05-30 13:00:00,83141,3596,before,na
2025-05-30 14:00:00,91328,4078,before,na
2025-05-30 15:00:00,106675,4747,before,na
2025-05-30 16:00:00,91399,4126,before,na
2025-05-30 17:00:00,119347,5407,before,na
2025-05-30 18:00:00,100312,4630,before,peak
2025-05-30 19:00:00,93621,3967,before,peak
2025-05-30 20:00:00,84007,3063,before,na
2025-05-30 21:00:00,67221,2492,before,na
2025-05-30 22:00:00,73976,2804,before,na
2025-05-30 23:00:00,78557,3119,before,na
2025-05-31 00:00:00,49477,1995,after,offpeak
2025-05-31 01:00:00,40994,1560,after,offpeak
2025-05-31 02:00:00,29564,1144,after,offpeak
2025-05-31 03:00:00,31075,1043,after,offpeak
2025-05-31 04:00:00,34361,1046,after,offpeak
2025-05-31 05:00:00,27311,1091,after,offpeak
2025-05-31 06:00:00,34927,1524,after,offpeak
2025-05-31 07:00:00,47000,2025,after,offpeak
2025-05-31 08:00:00,69326,3052,after,peak
2025-05-31 09:00:00,72519,3128,after,peak
2025-05-31 10:00:00,77631,3463,after,offpeak
2025-05-31 11:00:00,82524,3671,after,offpeak
2025-05-31 12:00:00,92555,4088,after,offpeak
2025-05-31 13:00:00,90956,3881,after,offpeak
2025-05-31 14:00:00,84924,3749,after,offpeak
2025-05-31 15:00:00,108215,4942,after,offpeak
2025-05-31 16:00:00,82816,3772,after,offpeak
2025-05-31 17:00:00,96810,4416,after,offpeak
2025-05-31 18:00:00,93884,4261,after,peak
2025-05-31 19:00:00,80930,3406,after,peak
2025-05-31 20:00:00,72008,3080,after,offpeak
2025-05-31 21:00:00,75564,3272,after,offpeak
2025-05-31 22:00:00,90450,3944,after,offpeak
2025-05-31 23:00:00,59609,2585,after,offpeak
2025-06-01 00:00:00,36543,1538,after,offpeak
2025-06-01 01:00:00,25947,1071,after,offpeak
2025-06-01 02:00:00,21685,936,after,offpeak
2025-06-01 03:00:00,17418,743,after,offpeak
2025-06-01 04:00:00,16449,674,after,offpeak
2025-06-01 05:00:00,18164,735,after,offpeak
2025-06-01 06:00:00,30027,1343,after,offpeak
2025-06-01 07:00:00,37315,1795,after,offpeak
2025-06-01 08:00:00,49769,2393,after,peak
2025-06-01 09:00:00,66427,3271,after,peak
2025-06-01 10:00:00,67041,3080,after,offpeak
2025-06-01 11:00:00,71924,3311,after,offpeak
2025-06-01 12:00:00,71158,3246,after,offpeak
2025-06-01 13:00:00,78042,3669,after,offpeak
2025-06-01 14:00:00,98837,4794,after,offpeak
2025-06-01 15:00:00,88798,4177,after,offpeak
2025-06-01 16:00:00,79251,3661,after,offpeak
2025-06-01 17:00:00,99952,4732,after,offpeak
2025-06-01 18:00:00,89764,4153,after,peak
2025-06-01 19:00:00,79155,3289,after,peak
2025-06-01 20:00:00,81426,3501,after,offpeak
2025-06-01 21:00:00,83671,3580,after,offpeak
2025-06-01 22:00:00,73592,3137,after,offpeak
2025-06-01 23:00:00,47056,2008,after,offpeak
2025-06-02 00:00:00,35195,1541,after,offpeak
2025-06-02 01:00:00,19466,812,after,offpeak
2025-06-02 02:00:00,11640,526,after,offpeak
2025-06-02 03:00:00,12612,557,after,offpeak
2025-06-02 04:00:00,14321,608,after,offpeak
2025-06-02 05:00:00,22137,1028,after,offpeak
2025-06-02 06:00:00,60352,3092,after,offpeak
2025-06-02 07:00:00,114241,5948,after,offpeak
2025-06-02 08:00:00,113580,5898,after,peak
2025-06-02 09:00:00,112206,5853,after,peak
2025-06-02 10:00:00,109108,5341,after,offpeak
2025-06-02 11:00:00,93814,4667,after,offpeak
2025-06-02 12:00:00,94918,4481,after,offpeak
2025-06-02 13:00:00,103983,5010,after,offpeak
2025-06-02 14:00:00,118987,5693,after,offpeak
2025-06-02 15:00:00,106212,4957,after,offpeak
2025-06-02 16:00:00,131269,6135,after,offpeak
2025-06-02 17:00:00,132146,5997,after,offpeak
2025-06-02 18:00:00,156848,6868,after,peak
2025-06-02 19:00:00,121929,5221,after,peak
2025-06-02 20:00:00,72719,2889,after,offpeak
2025-06-02 21:00:00,77382,3179,after,offpeak
2025-06-02 22:00:00,66384,2800,after,offpeak
2025-06-02 23:00:00,45288,1890,after,offpeak
2025-06-03 00:00:00,34804,1414,after,offpeak
2025-06-03 01:00:00,23583,990,after,offpeak
2025-06-03 02:00:00,21421,858,after,offpeak
2025-06-03 03:00:00,14686,657,after,offpeak
2025-06-03 04:00:00,15586,603,after,offpeak
2025-06-03 05:00:00,23954,1015,after,offpeak
2025-06-03 06:00:00,64461,3113,after,offpeak
2025-06-03 07:00:00,135725,6852,after,offpeak
2025-06-03 08:00:00,121426,6210,after,peak
2025-06-03 09:00:00,113816,5737,after,peak
2025-06-03 10:00:00,125101,6142,after,offpeak
2025-06-03 11:00:00,122207,5711,after,offpeak
2025-06-03 12:00:00,105013,4757,after,offpeak
2025-06-03 13:00:00,107980,4925,after,offpeak
2025-06-03 14:00:00,114566,5033,after,offpeak
2025-06-03 15:00:00,101760,4670,after,offpeak
2025-06-03 16:00:00,125178,5531,after,offpeak
2025-06-03 17:00:00,116204,5229,after,offpeak
2025-06-03 18:00:00,149764,6191,after,peak
2025-06-03 19:00:00,89564,3884,after,peak
2025-06-03 20:00:00,79101,3253,after,offpeak
2025-06-03 21:00:00,80653,3258,after,offpeak
2025-06-03 22:00:00,59979,2473,after,offpeak
2025-06-03 23:00:00,56887,2380,after,offpeak
2025-06-04 00:00:00,31423,1344,after,offpeak
2025-06-04 01:00:00,19914,828,after,offpeak
2025-06-04 02:00:00,18388,772,after,offpeak
2025-06-04 03:00:00,14470,593,after,offpeak
2025-06-04 04:00:00,16092,663,after,offpeak
2025-06-04 05:00:00,22593,1003,after,offpeak
2025-06-04 06:00:00,65687,3126,after,offpeak
2025-06-04 07:00:00,139201,7143,after,offpeak
2025-06-04 08:00:00,132779,6636,after,peak
2025-06-04 09:00:00,112952,5461,after,peak
2025-06-04 10:00:00,115361,5650,after,offpeak
2025-06-04 11:00:00,123029,5806,after,offpeak
2025-06-04 12:00:00,98062,4516,after,offpeak
2025-06-04 13:00:00,107752,4827,after,offpeak
2025-06-04 14:00:00,88576,3941,after,offpeak
2025-06-04 15:00:00,116662,5190,after,offpeak
2025-06-04 16:00:00,114220,4464,after,offpeak
2025-06-04 17:00:00,116773,4750,after,offpeak
2025-06-04 18:00:00,141725,5743,after,peak
2025-06-04 19:00:00,100795,4185,after,peak
2025-06-04 20:00:00,75419,3014,after,offpeak
2025-06-04 21:00:00,96923,3931,after,offpeak
2025-06-04 22:00:00,65371,2675,after,offpeak
2025-06-04 23:00:00,56946,2327,after,offpeak
2025-06-05 00:00:00,36190,1482,after,offpeak
2025-06-05 01:00:00,22173,925,after,offpeak
2025-06-05 02:00:00,19172,751,after,offpeak
2025-06-05 03:00:00,15433,611,after,offpeak
2025-06-05 04:00:00,17374,635,after,offpeak
2025-06-05 05:00:00,27452,1143,after,offpeak
2025-06-05 06:00:00,63954,2786,after,offpeak
2025-06-05 07:00:00,145580,6820,after,offpeak
2025-06-05 08:00:00,147882,6959,after,peak
2025-06-05 09:00:00,128858,5949,after,peak
2025-06-05 10:00:00,121151,5498,after,offpeak
2025-06-05 11:00:00,120197,5337,after,offpeak
2025-06-05 12:00:00,119412,5242,after,offpeak
2025-06-05 13:00:00,129459,5653,after,offpeak
2025-06-05 14:00:00,109660,4870,after,offpeak
2025-06-05 15:00:00,122506,5441,after,offpeak
2025-06-05 16:00:00,132379,5841,after,offpeak
2025-06-05 17:00:00,141299,6103,after,offpeak
2025-06-05 18:00:00,129841,5526,after,peak
2025-06-05 19:00:00,121978,4955,after,peak
2025-06-05 20:00:00,89780,3517,after,offpeak
2025-06-05 21:00:00,96973,3852,after,offpeak
2025-06-05 22:00:00,72973,2993,after,offpeak
2025-06-05 23:00:00,61463,2470,after,offpeak
2025-06-06 00:00:00,39712,1619,after,offpeak
2025-06-06 01:00:00,26848,1112,after,offpeak
2025-06-06 02:00:00,21765,908,after,offpeak
2025-06-06 03:00:00,18752,716,after,offpeak
2025-06-06 04:00:00,17528,665,after,offpeak
2025-06-06 05:00:00,25667,1014,after,offpeak
2025-06-06 06:00:00,56139,2536,after,offpeak
2025-06-06 07:00:00,144367,7445,after,offpeak
2025-06-06 08:00:00,130635,6434,after,peak
2025-06-06 09:00:00,131959,6580,after,peak
2025-06-06 10:00:00,123169,5829,after,offpeak
2025-06-06 11:00:00,104060,4824,after,offpeak
2025-06-06 12:00:00,121115,5472,after,offpeak
2025-06-06 13:00:00,109280,4824,after,offpeak
2025-06-06 14:00:00,128266,5751,after,offpeak
2025-06-06 15:00:00,142658,6480,after,offpeak
2025-06-06 16:00:00,133260,5828,after,offpeak
2025-06-06 17:00:00,145538,6546,after,offpeak
2025-06-06 18:00:00,146220,6334,after,peak
2025-06-06 19:00:00,101261,4103,after,peak
2025-06-06 20:00:00,116241,4655,after,offpeak
2025-06-06 21:00:00,78633,3173,after,offpeak
2025-06-06 22:00:00,77379,3203,after,offpeak
2025-06-06 23:00:00,71070,2914,after,offpeak
2025-06-07 00:00:00,36946,1574,after,offpeak
2025-06-07 01:00:00,32410,1324,after,offpeak
2025-06-07 02:00:00,25367,1016,after,offpeak
2025-06-07 03:00:00,24322,1051,after,offpeak
2025-06-07 04:00:00,21017,849,after,offpeak
2025-06-07 05:00:00,29931,1250,after,offpeak
2025-06-07 06:00:00,43854,1954,after,offpeak
2025-06-07 07:00:00,99714,5146,after,offpeak
2025-06-07 08:00:00,120459,5842,after,peak
2025-06-07 09:00:00,105060,4943,after,peak
2025-06-07 10:00:00,83414,4033,after,offpeak
2025-06-07 11:00:00,77804,3624,after,offpeak
2025-06-07 12:00:00,105188,4887,after,offpeak
2025-06-07 13:00:00,124781,5862,after,offpeak
2025-06-07 14:00:00,111570,5223,after,offpeak
2025-06-07 15:00:00,124799,5682,after,offpeak
2025-06-07 16:00:00,132122,6213,after,offpeak
2025-06-07 17:00:00,142557,6414,after,offpeak
2025-06-07 18:00:00,116754,5182,after,peak
2025-06-07 19:00:00,86759,3591,after,peak
2025-06-07 20:00:00,79631,3093,after,offpeak
2025-06-07 21:00:00,107822,4388,after,offpeak
2025-06-07 22:00:00,84954,3541,after,offpeak
2025-06-07 23:00:00,69610,2863,after,offpeak
2025-06-08 00:00:00,45882,1896,after,offpeak
2025-06-08 01:00:00,35105,1406,after,offpeak
2025-06-08 02:00:00,27107,1091,after,offpeak
2025-06-08 03:00:00,22196,938,after,offpeak
2025-06-08 04:00:00,18270,772,after,offpeak
2025-06-08 05:00:00,18926,796,after,offpeak
2025-06-08 06:00:00,28991,1246,after,offpeak
2025-06-08 07:00:00,41479,1980,after,offpeak
2025-06-08 08:00:00,58417,2834,after,peak
2025-06-08 09:00:00,68068,2990,after,peak
2025-06-08 10:00:00,64889,2888,after,offpeak
2025-06-08 11:00:00,87229,3979,after,offpeak
2025-06-08 12:00:00,77620,3382,after,offpeak
2025-06-08 13:00:00,77168,3552,after,offpeak
2025-06-08 14:00:00,96403,4333,after,offpeak
2025-06-08 15:00:00,100832,4721,after,offpeak
2025-06-08 16:00:00,103905,4840,after,offpeak
2025-06-08 17:00:00,95790,4419,after,offpeak
2025-06-08 18:00:00,86924,3955,after,peak
2025-06-08 19:00:00,80023,3318,after,peak
2025-06-08 20:00:00,94553,3928,after,offpeak
2025-06-08 21:00:00,84801,3648,after,offpeak
2025-06-08 22:00:00,61405,2480,after,offpeak
2025-06-08 23:00:00,56920,2350,after,offpeak
2025-06-09 00:00:00,27371,1050,after,offpeak
2025-06-09 01:00:00,20394,823,after,offpeak
2025-06-09 02:00:00,14186,563,after,offpeak
2025-06-09 03:00:00,11470,453,after,offpeak
2025-06-09 04:00:00,15800,634,after,offpeak
2025-06-09 05:00:00,23592,993,after,offpeak
2025-06-09 06:00:00,56264,2593,after,offpeak
2025-06-09 07:00:00,140155,7573,after,offpeak
2025-06-09 08:00:00,142112,7752,after,peak
2025-06-09 09:00:00,113123,5580,after,peak
2025-06-09 10:00:00,121901,5414,after,offpeak
2025-06-09 11:00:00,106107,4740,after,offpeak
2025-06-09 12:00:00,102142,4477,after,offpeak
2025-06-09 13:00:00,108196,4611,after,offpeak
2025-06-09 14:00:00,123610,5366,after,offpeak
2025-06-09 15:00:00,122357,5325,after,offpeak
2025-06-09 16:00:00,130378,5671,after,offpeak
2025-06-09 17:00:00,126441,5499,after,offpeak
2025-06-09 18:00:00,154294,6413,after,peak
2025-06-09 19:00:00,132221,5526,after,peak
2025-06-09 20:00:00,87047,3344,after,offpeak
2025-06-09 21:00:00,61055,2428,after,offpeak
2025-06-09 22:00:00,64226,2499,after,offpeak
2025-06-09 23:00:00,52421,2123,after,offpeak
2025-06-10 00:00:00,34257,1317,after,offpeak
2025-06-10 01:00:00,24961,1004,after,offpeak
2025-06-10 02:00:00,18280,740,after,offpeak
2025-06-10 03:00:00,17320,664,after,offpeak
2025-06-10 04:00:00,18981,698,after,offpeak
2025-06-10 05:00:00,20824,787,after,offpeak
2025-06-10 06:00:00,72231,3216,after,offpeak
2025-06-10 07:00:00,157155,7878,after,offpeak
2025-06-10 08:00:00,131089,6342,after,peak
2025-06-10 09:00:00,130054,6348,after,peak
2025-06-10 10:00:00,135981,6033,after,offpeak
2025-06-10 11:00:00,83730,3590,after,offpeak
2025-06-10 12:00:00,99366,4284,after,offpeak
2025-06-10 13:00:00,108299,4904,after,offpeak
2025-06-10 14:00:00,136665,6111,after,offpeak
2025-06-10 15:00:00,121461,5480,after,offpeak
2025-06-10 16:00:00,129783,5940,after,offpeak
2025-06-10 17:00:00,127297,5419,after,offpeak
2025-06-10 18:00:00,134329,5646,after,peak
2025-06-10 19:00:00,105783,4377,after,peak
2025-06-10 20:00:00,100258,3877,after,offpeak
2025-06-10 21:00:00,82939,3288,after,offpeak
2025-06-10 22:00:00,71646,2817,after,offpeak
2025-06-10 23:00:00,56442,2233,after,offpeak
2025-06-11 00:00:00,40919,1541,after,offpeak
2025-06-11 01:00:00,26969,1083,after,offpeak
2025-06-11 02:00:00,22407,953,after,offpeak
2025-06-11 03:00:00,16949,654,after,offpeak
2025-06-11 04:00:00,16977,651,after,offpeak
2025-06-11 05:00:00,20028,783,after,offpeak
2025-06-11 06:00:00,55815,2544,after,offpeak
2025-06-11 07:00:00,166314,7915,after,offpeak
2025-06-11 08:00:00,146968,6940,after,peak
2025-06-11 09:00:00,117009,5434,after,peak
2025-06-11 10:00:00,120049,5555,after,offpeak
2025-06-11 11:00:00,99142,4536,after,offpeak
2025-06-11 12:00:00,95061,4269,after,offpeak
2025-06-11 13:00:00,106578,4485,after,offpeak
2025-06-11 14:00:00,104985,4668,after,offpeak
2025-06-11 15:00:00,110690,4969,after,offpeak
2025-06-11 16:00:00,122651,5586,after,offpeak
2025-06-11 17:00:00,140718,6218,after,offpeak
2025-06-11 18:00:00,148403,6227,after,peak
2025-06-11 19:00:00,109148,4409,after,peak
2025-06-11 20:00:00,37975,1492,after,offpeak
2025-06-11 21:00:00,64456,2464,after,offpeak
2025-06-11 22:00:00,43561,1705,after,offpeak
2025-06-12 06:00:00,45176,2070,after,offpeak
2025-06-12 07:00:00,142409,6810,after,offpeak
2025-06-12 08:00:00,140366,6640,after,peak
2025-06-12 09:00:00,124451,5746,after,peak
2025-06-12 10:00:00,100347,4500,after,offpeak
2025-06-12 11:00:00,115710,4968,after,offpeak
2025-06-12 12:00:00,108249,4629,after,offpeak
2025-06-12 13:00:00,101915,4520,after,offpeak
2025-06-12 14:00:00,108130,4700,after,offpeak
2025-06-12 15:00:00,96126,4247,after,offpeak
2025-06-12 16:00:00,106044,4549,after,offpeak
2025-06-12 17:00:00,148124,6368,after,offpeak
2025-06-12 18:00:00,157484,6943,after,peak
2025-06-12 19:00:00,83665,3566,after,peak
2025-06-12 20:00:00,59784,2475,after,offpeak
2025-06-12 21:00:00,41645,1721,after,offpeak
2025-06-12 22:00:00,45879,1947,after,offpeak
2025-06-12 23:00:00,6896,268,after,offpeak
2025-06-13 00:00:00,1437,45,after,offpeak
2025-06-13 06:00:00,36217,1805,after,offpeak
2025-06-13 07:00:00,96143,5004,after,offpeak
2025-06-13 08:00:00,76957,4075,after,peak
2025-06-13 09:00:00,115390,5962,after,peak
2025-06-13 10:00:00,99295,5072,after,offpeak
2025-06-13 11:00:00,116524,5618,after,offpeak
2025-06-13 12:00:00,112193,4907,after,offpeak
2025-06-13 13:00:00,88464,3797,after,offpeak
2025-06-13 14:00:00,114369,5163,after,offpeak
2025-06-13 15:00:00,111379,4758,after,offpeak
2025-06-13 16:00:00,134671,5973,after,offpeak
2025-06-13 17:00:00,131124,5665,after,offpeak
2025-06-13 18:00:00,144652,6016,after,peak
2025-06-13 19:00:00,96407,3930,after,peak
2025-06-13 20:00:00,86319,3531,after,offpeak
2025-06-13 21:00:00,97920,3773,after,offpeak
2025-06-13 22:00:00,81510,3284,after,offpeak
2025-06-13 23:00:00,57793,2300,after,offpeak
2025-06-14 00:00:00,39308,1698,after,offpeak
2025-06-14 01:00:00,31227,1285,after,offpeak
2025-06-14 02:00:00,27383,1139,after,offpeak
2025-06-14 03:00:00,21496,927,after,offpeak
2025-06-14 04:00:00,19650,763,after,offpeak
2025-06-14 05:00:00,24132,965,after,offpeak
2025-06-14 06:00:00,47524,2075,after,offpeak
2025-06-14 07:00:00,89930,4078,after,offpeak
2025-06-14 08:00:00,125552,5719,after,peak
2025-06-14 09:00:00,98997,4648,after,peak
2025-06-14 10:00:00,99425,4675,after,offpeak
2025-06-14 11:00:00,86807,4078,after,offpeak
2025-06-14 12:00:00,119577,5445,after,offpeak
2025-06-14 13:00:00,89816,3846,after,offpeak
2025-06-14 14:00:00,99577,4330,after,offpeak
2025-06-14 15:00:00,104307,4509,after,offpeak
2025-06-14 16:00:00,84766,3915,after,offpeak
2025-06-14 17:00:00,101544,4094,after,offpeak
2025-06-14 18:00:00,115154,4416,after,peak
2025-06-14 19:00:00,90263,3390,after,peak
2025-06-14 20:00:00,84955,3260,after,offpeak
2025-06-14 21:00:00,88507,3592,after,offpeak
2025-06-14 22:00:00,88793,3512,after,offpeak
2025-06-14 23:00:00,54167,2122,after,offpeak
2025-06-15 00:00:00,38780,1543,after,offpeak
2025-06-15 01:00:00,26834,1130,after,offpeak
2025-06-15 02:00:00,28921,1218,after,offpeak
2025-06-15 03:00:00,20811,866,after,offpeak
2025-06-15 04:00:00,18191,663,after,offpeak
2025-06-15 05:00:00,22020,879,after,offpeak
2025-06-15 06:00:00,27843,1129,after,offpeak
2025-06-15 07:00:00,38072,1678,after,offpeak
2025-06-15 08:00:00,48309,1866,after,peak
2025-06-15 09:00:00,50348,2362,after,peak
2025-06-15 10:00:00,58738,2590,after,offpeak
2025-06-15 11:00:00,82929,3787,after,offpeak
2025-06-15 12:00:00,88099,3803,after,offpeak
2025-06-15 13:00:00,82142,3479,after,offpeak
2025-06-15 14:00:00,81575,3337,after,offpeak
2025-06-15 15:00:00,96542,3883,after,offpeak
2025-06-15 16:00:00,104529,3892,after,offpeak
2025-06-15 17:00:00,96649,3849,after,offpeak
2025-06-15 18:00:00,66943,2617,after,peak
2025-06-15 19:00:00,78300,2900,after,peak
2025-06-15 20:00:00,66350,2575,after,offpeak
2025-06-15 21:00:00,82152,3307,after,offpeak
2025-06-15 22:00:00,57260,2250,after,offpeak
2025-06-15 23:00:00,46168,1699,after,offpeak
2025-06-16 00:00:00,32062,1213,after,offpeak
2025-06-16 01:00:00,17731,671,after,offpeak
2025-06-16 02:00:00,14995,534,after,offpeak
2025-06-16 03:00:00,11857,431,after,offpeak
2025-06-16 04:00:00,14431,497,after,offpeak
2025-06-16 05:00:00,21862,793,after,offpeak
2025-06-16 06:00:00,63446,2643,after,offpeak
2025-06-16 07:00:00,136246,6101,after,offpeak
2025-06-16 08:00:00,127212,5868,after,peak
2025-06-16 09:00:00,109488,4878,after,peak
2025-06-16 10:00:00,102869,4496,after,offpeak
2025-06-16 11:00:00,110802,4564,after,offpeak
2025-06-16 12:00:00,117310,4588,after,offpeak
2025-06-16 13:00:00,115641,4683,after,offpeak
2025-06-16 14:00:00,130799,5328,after,offpeak
2025-06-16 15:00:00,99786,3743,after,offpeak
2025-06-16 16:00:00,125755,4836,after,offpeak
2025-06-16 17:00:00,144947,5236,after,offpeak
2025-06-16 18:00:00,146111,5170,after,peak
2025-06-16 19:00:00,117116,4631,after,peak
2025-06-16 20:00:00,90836,3401,after,offpeak
2025-06-16 21:00:00,71657,2717,after,offpeak
2025-06-16 22:00:00,77239,3032,after,offpeak
2025-06-16 23:00:00,43992,1754,after,offpeak
2025-06-17 00:00:00,27583,1065,after,offpeak
2025-06-17 01:00:00,25625,1033,after,offpeak
2025-06-17 02:00:00,18090,704,after,offpeak
2025-06-17 03:00:00,15991,603,after,offpeak
2025-06-17 04:00:00,16085,606,after,offpeak
2025-06-17 05:00:00,25502,971,after,offpeak
2025-06-17 06:00:00,62717,2604,after,offpeak
2025-06-17 07:00:00,121448,5413,after,offpeak
2025-06-17 08:00:00,120792,5639,after,peak
2025-06-17 09:00:00,113634,5052,after,peak
2025-06-17 10:00:00,113530,5116,after,offpeak
2025-06-17 11:00:00,135070,6068,after,offpeak
2025-06-17 12:00:00,112079,4540,after,offpeak
2025-06-17 13:00:00,112679,4820,after,offpeak
2025-06-17 14:00:00,113783,4794,after,offpeak
2025-06-17 15:00:00,112924,4779,after,offpeak
2025-06-17 16:00:00,118475,5110,after,offpeak
2025-06-17 17:00:00,119029,5003,after,offpeak
2025-06-17 18:00:00,143270,5892,after,peak
2025-06-17 19:00:00,96295,3891,after,peak
2025-06-17 20:00:00,79394,3276,after,offpeak
2025-06-17 21:00:00,69479,2928,after,offpeak
2025-06-17 22:00:00,69912,2859,after,offpeak
2025-06-17 23:00:00,52526,2104,after,offpeak
2025-06-18 00:00:00,35227,1381,after,offpeak
2025-06-18 01:00:00,25201,1010,after,offpeak
2025-06-18 02:00:00,17973,708,after,offpeak
2025-06-18 03:00:00,14167,560,after,offpeak
2025-06-18 04:00:00,18290,665,after,offpeak
2025-06-18 05:00:00,26252,980,after,offpeak
2025-06-18 06:00:00,66548,2837,after,offpeak
2025-06-18 07:00:00,155461,7144,after,offpeak
2025-06-18 08:00:00,144337,6791,after,peak
2025-06-18 09:00:00,114150,5040,after,peak
2025-06-18 10:00:00,111537,4946,after,offpeak
2025-06-18 11:00:00,99426,4247,after,offpeak
2025-06-18 12:00:00,105015,4378,after,offpeak
2025-06-18 13:00:00,125385,5398,after,offpeak
2025-06-18 14:00:00,131564,5552,after,offpeak
2025-06-18 15:00:00,136693,5989,after,offpeak
2025-06-18 16:00:00,133290,5527,after,offpeak
2025-06-18 17:00:00,136806,5840,after,offpeak
2025-06-18 18:00:00,145155,5988,after,peak
2025-06-18 19:00:00,94380,3846,after,peak
2025-06-18 20:00:00,69479,2806,after,offpeak
2025-06-18 21:00:00,68479,2741,after,offpeak
2025-06-18 22:00:00,69437,2790,after,offpeak
2025-06-18 23:00:00,50573,2001,after,offpeak
2025-06-19 00:00:00,38769,1564,after,offpeak
2025-06-19 01:00:00,23351,942,after,offpeak
2025-06-19 02:00:00,14954,617,after,offpeak
2025-06-19 03:00:00,13420,534,after,offpeak
2025-06-19 04:00:00,15797,620,after,offpeak
2025-06-19 05:00:00,21195,832,after,offpeak
2025-06-19 06:00:00,69680,2851,after,offpeak
2025-06-19 07:00:00,118048,5957,after,offpeak
2025-06-19 08:00:00,143267,5785,after,peak
2025-06-19 09:00:00,129748,4776,after,peak
2025-06-19 10:00:00,113446,3632,after,offpeak
2025-06-19 11:00:00,96593,2381,after,offpeak
2025-06-19 12:00:00,92485,2365,after,offpeak
2025-06-19 13:00:00,101885,3047,after,offpeak
2025-06-19 14:00:00,120516,3687,after,offpeak
2025-06-19 15:00:00,138599,4082,after,offpeak
2025-06-19 16:00:00,150179,4388,after,offpeak
2025-06-19 17:00:00,146501,3937,after,offpeak
2025-06-19 18:00:00,125444,3919,after,peak
2025-06-19 19:00:00,104274,1931,after,peak
2025-06-19 20:00:00,77760,1643,after,offpeak
2025-06-19 21:00:00,80373,1714,after,offpeak
2025-06-19 22:00:00,66009,1439,after,offpeak
2025-06-19 23:00:00,48222,1035,after,offpeak
2025-06-20 00:00:00,36155,843,after,offpeak
2025-06-20 01:00:00,23614,569,after,offpeak
2025-06-20 02:00:00,19267,450,after,offpeak
2025-06-20 03:00:00,16052,413,after,offpeak
2025-06-20 04:00:00,16521,421,after,offpeak
2025-06-20 05:00:00,27094,798,after,offpeak
2025-06-20 06:00:00,76820,2860,after,offpeak
2025-06-20 07:00:00,139693,5168,after,offpeak
2025-06-20 08:00:00,148468,5729,after,peak
2025-06-20 09:00:00,145115,5230,after,peak
2025-06-20 10:00:00,131772,5543,after,offpeak
2025-06-20 11:00:00,128712,5323,after,offpeak
2025-06-20 12:00:00,129257,5565,after,offpeak
2025-06-20 13:00:00,142562,5978,after,offpeak
2025-06-20 14:00:00,139951,6015,after,offpeak
2025-06-20 15:00:00,130534,5449,after,offpeak
2025-06-20 16:00:00,133651,5773,after,offpeak
2025-06-20 17:00:00,143323,6181,after,offpeak
2025-06-20 18:00:00,145044,6089,after,peak
2025-06-20 19:00:00,103217,3878,after,peak
2025-06-20 20:00:00,86218,3148,after,offpeak
2025-06-20 21:00:00,72834,2776,after,offpeak
2025-06-20 22:00:00,76299,2887,after,offpeak
2025-06-20 23:00:00,66696,2645,after,offpeak
2025-06-21 00:00:00,45240,1818,after,offpeak
2025-06-21 01:00:00,33735,1363,after,offpeak
2025-06-21 02:00:00,27578,1097,after,offpeak
2025-06-21 03:00:00,18580,781,after,offpeak
2025-06-21 04:00:00,19897,758,after,offpeak
2025-06-21 05:00:00,23770,915,after,offpeak
2025-06-21 06:00:00,58891,2501,after,offpeak
2025-06-21 07:00:00,87479,4119,after,offpeak
2025-06-21 08:00:00,126391,6006,after,peak
2025-06-21 09:00:00,111925,5213,after,peak
2025-06-21 10:00:00,117134,5495,after,offpeak
2025-06-21 11:00:00,115255,5280,after,offpeak
2025-06-21 12:00:00,123954,5274,after,offpeak
2025-06-21 13:00:00,103748,4408,after,offpeak
2025-06-21 14:00:00,126543,5567,after,offpeak
2025-06-21 15:00:00,116721,4860,after,offpeak
2025-06-21 16:00:00,118548,5159,after,offpeak
2025-06-21 17:00:00,145847,6057,after,offpeak
2025-06-21 18:00:00,134423,5202,after,peak
2025-06-21 19:00:00,94926,3710,after,peak
2025-06-21 20:00:00,64720,2410,after,offpeak
2025-06-21 21:00:00,95020,3646,after,offpeak
2025-06-21 22:00:00,94231,3678,after,offpeak
2025-06-21 23:00:00,50185,2014,after,offpeak
2025-06-22 00:00:00,35998,1428,after,offpeak
2025-06-22 01:00:00,28707,1152,after,offpeak
2025-06-22 02:00:00,23618,975,after,offpeak
2025-06-22 03:00:00,18668,790,after,offpeak
2025-06-22 04:00:00,17366,691,after,offpeak
2025-06-22 05:00:00,21373,840,after,offpeak
2025-06-22 06:00:00,34516,1274,after,offpeak
2025-06-22 07:00:00,52210,2299,after,offpeak
2025-06-22 08:00:00,61502,2577,after,peak
2025-06-22 09:00:00,75085,3258,after,peak
2025-06-22 10:00:00,62619,2618,after,offpeak
2025-06-22 11:00:00,89512,3977,after,offpeak
2025-06-22 12:00:00,81946,3466,after,offpeak
2025-06-22 13:00:00,78078,3388,after,offpeak
2025-06-22 14:00:00,100738,4407,after,offpeak
2025-06-22 15:00:00,77213,3489,after,offpeak
2025-06-22 16:00:00,96897,4120,after,offpeak
2025-06-22 17:00:00,94157,4287,after,offpeak
2025-06-22 18:00:00,82459,3677,after,peak
2025-06-22 19:00:00,67665,2801,after,peak
2025-06-22 20:00:00,81274,3326,after,offpeak
2025-06-22 21:00:00,73026,2879,after,offpeak
2025-06-22 22:00:00,66778,2629,after,offpeak
2025-06-22 23:00:00,56015,2232,after,offpeak
2025-06-23 00:00:00,30495,1264,after,offpeak
2025-06-23 01:00:00,19795,863,after,offpeak
2025-06-23 02:00:00,15978,659,after,offpeak
2025-06-23 03:00:00,11179,424,after,offpeak
2025-06-23 04:00:00,13348,505,after,offpeak
2025-06-23 05:00:00,24581,908,after,offpeak
2025-06-23 06:00:00,69290,3275,after,offpeak
2025-06-23 07:00:00,128633,6907,after,offpeak
2025-06-23 08:00:00,140698,7492,after,peak
2025-06-23 09:00:00,105203,5264,after,peak
2025-06-23 10:00:00,107358,5009,after,offpeak
2025-06-23 11:00:00,124755,5541,after,offpeak
2025-06-23 12:00:00,103066,4518,after,offpeak
2025-06-23 13:00:00,114501,4926,after,offpeak
2025-06-23 14:00:00,100032,4238,after,offpeak
2025-06-23 15:00:00,134748,5974,after,offpeak
2025-06-23 16:00:00,143098,5500,after,offpeak
2025-06-23 17:00:00,149860,4340,after,offpeak
2025-06-23 18:00:00,150010,5362,after,peak
2025-06-23 19:00:00,106954,4343,after,peak
2025-06-23 20:00:00,80781,3058,after,offpeak
2025-06-23 21:00:00,86220,3291,after,offpeak
2025-06-23 22:00:00,63430,2454,after,offpeak
2025-06-23 23:00:00,49333,1853,after,offpeak
2025-06-24 00:00:00,35063,1302,after,offpeak
2025-06-24 01:00:00,25589,970,after,offpeak
2025-06-24 02:00:00,16960,635,after,offpeak
2025-06-24 03:00:00,14085,500,after,offpeak
2025-06-24 04:00:00,15012,541,after,offpeak
2025-06-24 05:00:00,24619,894,after,offpeak
2025-06-24 06:00:00,82507,3505,after,offpeak
2025-06-24 07:00:00,149143,7476,after,offpeak
2025-06-24 08:00:00,160867,8267,after,peak
2025-06-24 09:00:00,123058,5956,after,peak
2025-06-24 10:00:00,127665,5950,after,offpeak
2025-06-24 11:00:00,123681,5687,after,offpeak
2025-06-24 12:00:00,127953,5919,after,offpeak
2025-06-24 13:00:00,132866,6041,after,offpeak
2025-06-24 14:00:00,132079,6193,after,offpeak
2025-06-24 15:00:00,103265,4951,after,offpeak
2025-06-24 16:00:00,105449,4857,after,offpeak
2025-06-24 17:00:00,110539,4987,after,offpeak
2025-06-24 18:00:00,111815,4572,after,peak
2025-06-24 19:00:00,106836,4351,after,peak
2025-06-24 20:00:00,94790,3884,after,offpeak
2025-06-24 21:00:00,71798,2736,after,offpeak
2025-06-24 22:00:00,78081,3253,after,offpeak
2025-06-24 23:00:00,48027,1952,after,offpeak
2025-06-25 00:00:00,31482,1332,after,offpeak
2025-06-25 01:00:00,23747,960,after,offpeak
2025-06-25 02:00:00,15928,653,after,offpeak
2025-06-25 03:00:00,15617,607,after,offpeak
2025-06-25 04:00:00,15557,589,after,offpeak
2025-06-25 05:00:00,25121,961,after,offpeak
2025-06-25 06:00:00,55175,2477,after,offpeak
2025-06-25 07:00:00,100993,5302,after,offpeak
2025-06-25 08:00:00,110599,5674,after,peak
2025-06-25 09:00:00,127868,6468,after,peak
2025-06-25 10:00:00,101094,4751,after,offpeak
2025-06-25 11:00:00,74014,3466,after,offpeak
2025-06-25 12:00:00,82109,3794,after,offpeak
2025-06-25 13:00:00,100573,4718,after,offpeak
2025-06-25 14:00:00,154426,6356,after,offpeak
2025-06-25 15:00:00,97667,4046,after,offpeak
2025-06-25 16:00:00,101015,4354,after,offpeak
2025-06-25 17:00:00,129639,5541,after,offpeak
2025-06-25 18:00:00,119157,4905,after,peak
2025-06-25 19:00:00,99219,4090,after,peak
2025-06-25 20:00:00,85719,3241,after,offpeak
2025-06-25 21:00:00,81797,3145,after,offpeak
2025-06-25 22:00:00,66299,2617,after,offpeak
2025-06-25 23:00:00,57316,2221,after,offpeak
2025-06-26 00:00:00,43461,1662,after,offpeak
2025-06-26 01:00:00,21360,835,after,offpeak
2025-06-26 02:00:00,16799,633,after,offpeak
2025-06-26 03:00:00,16488,587,after,offpeak
2025-06-26 04:00:00,15123,514,after,offpeak
2025-06-26 05:00:00,23094,825,after,offpeak
2025-06-26 06:00:00,60971,2532,after,offpeak
2025-06-26 07:00:00,124878,5380,after,offpeak
2025-06-26 08:00:00,114209,5472,after,peak
2025-06-26 09:00:00,88133,4531,after,peak
2025-06-26 10:00:00,83119,3884,after,offpeak
2025-06-26 11:00:00,96278,4107,after,offpeak
2025-06-26 12:00:00,107506,4505,after,offpeak
2025-06-26 13:00:00,115478,4987,after,offpeak
2025-06-26 14:00:00,88475,3892,after,offpeak
2025-06-26 15:00:00,128864,5539,after,offpeak
2025-06-26 16:00:00,104384,4316,after,offpeak
2025-06-26 17:00:00,111925,4580,after,offpeak
2025-06-26 18:00:00,123708,5287,after,peak
2025-06-26 19:00:00,91381,3731,after,peak
2025-06-26 20:00:00,86677,3229,after,offpeak
2025-06-26 21:00:00,90799,3421,after,offpeak
2025-06-26 22:00:00,64638,2520,after,offpeak
2025-06-26 23:00:00,54746,2104,after,offpeak
2025-06-27 00:00:00,34859,1328,after,offpeak
2025-06-27 01:00:00,22997,928,after,offpeak
2025-06-27 02:00:00,16245,687,after,offpeak
2025-06-27 03:00:00,16546,647,after,offpeak
2025-06-27 04:00:00,17394,603,after,offpeak
2025-06-27 05:00:00,24007,865,after,offpeak
2025-06-27 06:00:00,59251,2233,after,offpeak
2025-06-27 07:00:00,96424,4180,after,offpeak
2025-06-27 08:00:00,103377,4726,after,peak
2025-06-27 09:00:00,118283,5387,after,peak
2025-06-27 10:00:00,71230,3252,after,offpeak
2025-06-27 11:00:00,96366,4231,after,offpeak
2025-06-27 12:00:00,99908,4139,after,offpeak
2025-06-27 13:00:00,96542,4171,after,offpeak
2025-06-27 14:00:00,106915,4728,after,offpeak
2025-06-27 15:00:00,111954,4707,after,offpeak
2025-06-27 16:00:00,103113,4338,after,offpeak
2025-06-27 17:00:00,132360,5585,after,offpeak
2025-06-27 18:00:00,120904,5021,after,peak
2025-06-27 19:00:00,89704,3577,after,peak
2025-06-27 20:00:00,107136,4038,after,offpeak
2025-06-27 21:00:00,86490,3280,after,offpeak
2025-06-27 22:00:00,92287,3547,after,offpeak
2025-06-27 23:00:00,81938,3227,after,offpeak
2025-06-28 00:00:00,46461,1735,after,offpeak
2025-06-28 01:00:00,37481,1583,after,offpeak
2025-06-28 02:00:00,23773,963,after,offpeak
2025-06-28 03:00:00,20038,811,after,offpeak
2025-06-28 04:00:00,19167,770,after,offpeak
2025-06-28 05:00:00,27668,1000,after,offpeak
2025-06-28 06:00:00,67006,2595,after,offpeak
2025-06-28 07:00:00,95716,4222,after,offpeak
2025-06-28 08:00:00,104466,4697,after,peak
2025-06-28 09:00:00,106545,4865,after,peak
2025-06-28 10:00:00,95607,4309,after,offpeak
2025-06-28 11:00:00,109586,4803,after,offpeak
2025-06-28 12:00:00,129324,5251,after,offpeak
2025-06-28 13:00:00,131908,5883,after,offpeak
2025-06-28 14:00:00,135330,5803,after,offpeak
2025-06-28 15:00:00,115493,4963,after,offpeak
2025-06-28 16:00:00,118412,4879,after,offpeak
2025-06-28 17:00:00,143714,6025,after,offpeak
2025-06-28 18:00:00,127631,5149,after,peak
2025-06-28 19:00:00,89891,3532,after,peak
2025-06-28 20:00:00,85470,3226,after,offpeak
2025-06-28 21:00:00,102711,4108,after,offpeak
2025-06-28 22:00:00,99327,3967,after,offpeak
2025-06-28 23:00:00,77964,3094,after,offpeak
2025-06-29 00:00:00,46701,1752,after,offpeak
2025-06-29 01:00:00,31508,1220,after,offpeak
2025-06-29 02:00:00,22448,895,after,offpeak
2025-06-29 03:00:00,18565,691,after,offpeak
2025-06-29 04:00:00,17350,654,after,offpeak
2025-06-29 05:00:00,17989,683,after,offpeak
2025-06-29 06:00:00,26229,980,after,offpeak
2025-06-29 07:00:00,45073,1887,after,offpeak
2025-06-29 08:00:00,66458,3077,after,peak
2025-06-29 09:00:00,68487,3057,after,peak
2025-06-29 10:00:00,86132,3665,after,offpeak
2025-06-29 11:00:00,82946,3624,after,offpeak
2025-06-29 12:00:00,81488,3385,after,offpeak
2025-06-29 13:00:00,81534,3524,after,offpeak
2025-06-29 14:00:00,92812,3987,after,offpeak
2025-06-29 15:00:00,88650,3638,after,offpeak
2025-06-29 16:00:00,83274,3518,after,offpeak
2025-06-29 17:00:00,105789,4539,after,offpeak
2025-06-29 18:00:00,88220,3692,after,peak
2025-06-29 19:00:00,68368,2573,after,peak
2025-06-29 20:00:00,79168,2769,after,offpeak
2025-06-29 21:00:00,92662,3569,after,offpeak
2025-06-29 22:00:00,74141,2896,after,offpeak
2025-06-29 23:00:00,52939,1982,after,offpeak
2025-06-30 00:00:00,34285,1328,after,offpeak
2025-06-30 01:00:00,24497,955,after,offpeak
2025-06-30 02:00:00,17373,654,after,offpeak
2025-06-30 03:00:00,13934,469,after,offpeak
2025-06-30 04:00:00,15086,529,after,offpeak
2025-06-30 05:00:00,19657,697,after,offpeak
2025-06-30 06:00:00,64259,2561,after,offpeak
2025-06-30 07:00:00,125231,5630,after,offpeak
2025-06-30 08:00:00,142758,6581,after,peak
2025-06-30 09:00:00,88644,3901,after,peak
2025-06-30 10:00:00,65969,2890,after,offpeak
2025-06-30 11:00:00,79669,3481,after,offpeak
2025-06-30 12:00:00,70795,3173,after,offpeak
2025-06-30 13:00:00,81697,3601,after,offpeak
2025-06-30 14:00:00,83086,3756,after,offpeak
2025-06-30 15:00:00,66962,3014,after,offpeak
2025-06-30 16:00:00,79671,3596,after,offpeak
2025-06-30 17:00:00,73093,3451,after,offpeak
2025-06-30 18:00:00,78598,3640,after,peak
2025-06-30 19:00:00,74446,3100,after,peak
2025-06-30 20:00:00,56474,2156,after,offpeak
2025-06-30 21:00:00,65494,2355,after,offpeak
2025-06-30 22:00:00,70165,2794,after,offpeak
2025-06-30 23:00:00,46202,1764,after,offpeak
